{
  "credentials": [
    {
      "username": "Ayushi",
      "password": "Ishappy@123",
      "id": "a208"
    },
    {
      "username": "Ishu",
      "password": "happy@123",
      "id": "998c"
    },
    {
      "username": "Happy",
      "password": "Ishu@123",
      "id": "ec5e"
    },
    {
      "username": "puneet@123",
      "password": "Ayushi@123",
      "id": "c837"
    }
  ],
  "users": [
    {
      "names": "Ishu",
      "username": "Ishu@76",
      "gender": "Female",
      "emailId": "as4390796@gmail.com",
      "contact": "8675432456",
      "id": "6"
    },
    {
      "names": "Ayushi",
      "username": "Ayushi@123",
      "gender": "Female",
      "emailId": "as4390796@gmail.com",
      "contact": "8675432456",
      "id": "7"
    },
    {
      "names": "Ishu",
      "username": "Ishu@123",
      "gender": "Female",
      "emailId": "as4390796@gmail.com",
      "contact": "8675432456",
      "id": "9"
    },
    {
      "names": "Tanu",
      "username": "Tanu@123",
      "gender": "Female",
      "emailId": "as4390796@gmail.com",
      "contact": "8675432456",
      "id": "10"
    },
    {
      "names": "Ram kumar",
      "username": "Ram@123",
      "gender": "",
      "emailId": "as4390796@gmail.com",
      "contact": "8800480897",
      "Images": "",
      "": "Male",
      "id": "2dfc"
    },
    {
      "id": "3f4c",
      "names": "Akanksha",
      "username": "Akanksha@123",
      "gender": "",
      "emailId": "as4390796@gmail.com",
      "contact": "8800480897",
      "Images": "",
      "": "Female"
    },
    {
      "id": "b1ed",
      "names": "HAappy",
      "username": "Happy@123",
      "gender": "",
      "emailId": "as4390796@gmail.com",
      "contact": "8800480897",
      "Images": "",
      "": "Female"
    },
    {
      "id": "66d9",
      "names": "Pratyush",
      "username": "pratyush@123",
      "gender": "",
      "emailId": "as4390796@gmail.com",
      "contact": "8800480897",
      "Images": "",
      "": "Female"
    }
  ]
}